id,revenue,budget
91893,0,0
92332,0,0
31506,0,0
42512,0,0
27503,0,217000
82088,0,0
85715,0,0
61546,0,0
46594,0,0
138,700000,355000
38453,0,0
42818,0,0
3035,12000000,291000
36877,0,0
267333,0,0
26845,0,652675
156389,0,0
156388,0,0
43146,0,0
15849,0,196000
244,10000000,672000
413669,0,0
10787,0,328000
43149,616000,250000
18994,0,1279142
3529,1423000,226408
267336,0,0
33391,0,0
33393,0,0
87881,0,0
229,2000000,393750
27970,0,0
33390,0,0
33395,0,0
43873,0,0
33708,0,0
33386,0,0
22440,0,278380
82237,0,0
195522,0,0
33387,0,0
38661,0,0
28044,0,0
14588,3165000,673000
25148,0,0
23101,0,500000
59566,0,0
38454,0,0
105073,0,0
38455,0,0
59581,0,0
160162,0,0
59584,0,0
685,0,550000
677,0,550000
171346,0,0
38774,0,0
42390,0,0
129417,0,0
29484,0,0
47883,0,0
54430,0,0
33392,0,0
14589,2223000,1107000
3077,0,420000
18705,0,0
149793,0,0
23280,0,0
27118,0,0
59589,0,0
40044,0,0
33394,0,0
47884,0,0
74545,0,0
59701,0,0
33388,0,0
17481,0,0
47882,0,0
148536,0,0
33389,0,0
47404,0,0
28421,0,281743
59706,0,0
85232,0,0
3937,0,0
38458,0,0
13861,0,0
38456,0,0
85231,0,0
3936,0,0
22965,0,0
38457,0,0
31498,0,84000
47401,0,0
3938,0,0
756,76411819,2280000
74384,0,0
38459,0,0
23338,0,0
28423,659600,269062
3941,0,0
44875,0,0
38460,0,0
31812,0,0
23104,0,0
90460,0,0
38461,0,0
14590,2301000,821000
40214,0,0
13666,0,180000
43551,0,0
29328,0,0
3074,0,200000
40045,0,0
23336,0,0
44173,0,0
28426,1040000,322000
3170,267447150,858000
14906,1135000,0
27117,0,0
29239,0,0
31805,0,0
90461,0,0
25508,4000000,134000
18706,0,0
159849,0,0
159849,0,0
112912,0,0
86082,0,0
3076,0,1200000
35022,0,0
44383,0,0
18992,0,0
51649,0,0
32862,0,0
50553,0,0
32023,0,10000000
2202,0,0
79090,0,0
86416,0,0
90465,0,0
38273,0,0
86084,0,0
38462,0,0
64076,0,0
28436,0,212000
28668,0,0
38463,0,0
28425,1669226,0
29243,0,0
15947,0,0
33421,0,0
38464,0,75000
29487,0,0
64075,0,0
3103,0,354000
29242,0,0
43177,0,0
14594,2814000,1401000
38468,0,0
52827,0,0
33419,0,0
9797,0,0
55872,0,0
45965,0,0
38467,0,0
64078,0,0
162865,0,0
34327,0,0
307,1000000,20000
38465,0,0
50401,0,0
29490,0,0
30793,0,0
64077,0,0
55873,0,0
20408,0,0
29021,0,0
29829,0,0
45322,0,0
38471,0,0
20417,0,0
38469,0,0
38470,0,0
3966,0,0
61856,0,0
38472,0,0
8429,0,0
68143,0,0
44296,0,0
64043,0,0
43464,0,3000000
42342,0,0
14595,2305000,1670000
70702,0,0
89645,0,0
31980,0,0
89145,0,0
55603,0,0
193439,0,0
128854,0,0
8016,0,0
90956,0,0
17804,0,0
43398,0,0
46781,0,0
206145,0,0
193460,0,0
90955,0,0
186775,0,0
186268,0,0
166904,0,0
51411,0,0
182950,0,0
11224,263600000,2900000
193459,0,0
184328,0,0
4558,0,0
185289,0,0
43388,15057465,2300000
80374,0,0
185273,0,0
60061,0,0
61855,0,0
292893,0,0
156603,0,0
187516,0,0
45099,0,0
343972,0,0
34082,0,0
73551,0,0
115706,0,0
11972,0,0
252916,0,0
30801,0,0
180819,0,0
58757,0,0
220504,0,0
65703,0,0
65421,0,0
10693,87400000,4000000
116160,0,0
63178,0,0
107966,0,0
11578,0,0
133716,0,0
192371,0,0
29912,36000000,4100000
57996,0,0
174195,0,0
56402,0,0
57991,0,0
58007,0,0
43337,0,0
75532,0,0
10973,1300000,0
116190,0,0
68242,0,0
149957,0,0
43332,0,4500000
31372,0,0
11402,0,0
19430,0,0
1678,2250000,900000
56122,0,0
68339,0,0
70313,0,0
62034,0,0
193435,0,0
1679,1952653,800000
35115,0,2150000
10340,36359037,4000000
31374,0,0
37853,0,0
40761,1100000,0
177234,0,0
5801,536364,0
24580,0,0
150010,0,0
178569,0,0
457,0,0
56287,0,0
144852,0,0
66177,0,0
31378,0,0
108266,0,0
56068,0,0
39408,0,0
230182,0,0
18983,2000000,25000
50717,0,0
55960,0,0
897,170215,0
458,0,0
58074,0,0
68340,0,0
3079,8000000,270000
26278,0,0
43716,0,0
43241,0,0
459,0,0
97353,0,0
108267,0,0
11868,3500000,104880
3127,0,0
38269,0,0
24382,0,0
43118,0,0
11815,3000000,700000
76084,0,0
8851,4000000,110000
56544,0,0
15515,0,650000
60193,0,0
31217,0,0
70555,0,0
71041,4673,0
15944,17658000,1250000
43096,1500000,0
896,134241,0
147,0,0
51912,0,0
38126,0,0
43205,0,0
32113,0,0
18990,0,0
34528,0,0
23220,0,0
36878,0,0
21240,0,0
5165,0,0
539,32000000,806947
19128,0,0
71995,0,0
966,4905000,2000000
42506,0,0
41050,0,0
12230,303000000,3600000
34530,0,0
17984,0,2000000
71133,0,0
10911,28900000,6000000
43018,0,0
19186,29650385,0
39410,2237760,0
990,7600000,2000000
11602,8939,0
31804,0,0
32688,0,0
26190,0,0
21135,0,0
16692,0,0
256,0,0
1680,12550000,0
58701,0,0
646,59567035,1200000
183073,0,0
16693,0,0
31297,0,0
56920,0,0
19762,22129412,0
29455,0,0
113332,0,0
18510,0,0
19254,0,0
68337,0,0
48707,0,0
26484,2300000,300000
18511,0,0
11506,0,0
657,78900000,2500000
32105,0,0
18624,0,0
58897,0,0
936,10878107,0
201414,0,0
26357,0,0
46787,0,16000
44450,0,0
14433,8000000,1720000
40897,0,0
78492,0,0
27376,0,0
42792,40000000,0
3124,0,0
1682,10000000,0
51863,0,0
32109,0,0
1594,12368234,0
159403,0,0
54265,0,0
39113,0,0
4727,0,0
391,14500000,200000
3686,0,0
658,124881062,2500000
54266,0,0
39044,0,0
1871,0,0
5066,0,0
30913,0,0
53617,0,0
28670,0,0
13382,0,0
15766,3237880,0
54272,0,0
28912,0,0
113154,0,0
22701,0,0
46780,0,0
38281,0,0
15247,0,0
54273,0,0
17604,0,0
26483,0,0
38125,0,0
8072,46585,220000
56431,0,0
111480,0,0
54297,0,0
26879,0,0
26581,0,500000
37991,0,0
54274,0,0
7085,0,0
4728,0,0
26573,0,0
21930,0,360000
1870,0,0
63260,0,0
660,141195658,5500000
938,15000000,600000
19545,3000000,0
182030,0,0
54275,0,0
14387,0,0
16387,0,800000
58404,0,0
33954,0,0
17102,364937,280379
23728,0,0
21779,16318124,0
26268,12000000,3500000
5065,0,0
10772,17277,0
23832,1314230,0
22899,0,0
36645,0,0
21410,0,0
5060,0,0
41979,0,0
5921,0,0
21,0,50000
15347,0,0
76081,0,0
79466,0,0
54276,0,0
12639,6322000,0
77076,0,0
5061,0,0
5608,0,0
35780,0,10000000
30972,0,0
3115,3000000,0
34388,0,0
429,38900000,1200000
42695,0,0
54277,0,0
28538,0,0
113582,0,0
5056,0,0
36236,0,0
30914,0,0
39262,0,0
52728,0,525000
3104,0,0
24130,11000000,3775000
1875,0,0
12208,41744718,12000000
49183,0,0
667,111584787,9500000
25934,42432803,625000
1654,45300000,5400000
54178,0,0
54278,0,0
44695,36000000,360000
24568,0,0
8211,0,0
9325,378000000,4000000
41608,0,0
4889,0,0
26912,0,0
45211,0,0
5064,0,0
18627,2399280,0
11047,0,0
36775,10000000,4000000
54279,0,0
77304,0,0
195065,0,0
361758,0,0
11356,44527234,1200000
871,32589624,5800000
45690,0,0
34131,0,56000
56500,0,12000
62,71923560,12000000
64428,0,0
363611,0,0
64876,0,0
65591,0,0
805,33395426,3200000
11573,0,0
376538,0,0
3107,1568760,0
25361,0,0
54280,0,0
255,1500000,350000
83122,0,0
3483,0,0
18928,0,0
16085,52223306,14000000
99099,0,0
10331,30000000,114000
11874,0,0
11389,0,145076
5721,8000000,73000
58188,0,0
4729,0,0
29778,0,0
376543,0,0
22937,0,0
9929,0,0
14136,51264022,0
42632,0,0
376548,0,0
54281,0,0
3054,2400000,0
36161,0,0
42606,0,0
26181,0,0
48300,0,0
376553,0,0
58704,0,0
26947,0,0
12097,0,320000
3075,0,0
3485,0,0
19307,0,0
33108,0,0
12625,0,0
125271,0,0
52916,0,0
220436,0,0
64650,0,0
19293,0,0
13675,0,0
668,64574493,6000000
46809,0,0
12529,0,0
39462,2399280,0
29228,0,0
79701,0,0
72203,0,0
50754,0,0
17276,0,0
42601,0,116
12127,0,0
10671,100489151,10000000
49321,0,0
70327,0,0
75015,0,0
33733,0,0
14676,0,0
1685,18999718,3000000
64576,0,0
29748,0,0
25251,0,0
28733,7000000,64000
83140,0,0
54283,0,0
258,0,0
64651,0,0
24570,0,0
71206,0,0
31952,0,0
83136,0,0
36888,0,0
42498,0,0
11913,0,0
34479,0,478375
11626,0,0
62762,0,0
64961,0,0
9394,0,0
83124,0,0
33583,0,0
24569,0,0
36163,0,0
46784,0,0
24444,0,0
31472,0,0
28039,0,0
40732,0,1600000
17965,1827000,0
1687,12400000,2500000
65594,0,0
39263,0,0
482,12121618,1125000
70322,0,0
39464,2768400,250000
29251,0,0
42532,0,0
21142,0,800000
28855,0,0
36887,0,0
72032,0,245000
45940,0,0
28801,0,0
25188,29133000,1300000
11390,0,0
1051,41200000,1800000
52761,0,0
11945,0,0
19297,190000,0
681,116019547,7200000
984,35976000,4000000
253232,0,0
36162,0,0
42488,0,0
54284,0,0
28406,0,0
36885,0,0
38939,0,0
19336,1780000,0
238,245066411,6000000
87788,0,0
41471,0,0
37601,0,0
12593,90000000,850000
24571,0,0
17810,0,0
114444,0,0
493,10000000,1978000
40741,0,0
40983,102433,150000
42476,0,0
1688,9700000,1700000
5691,0,0
18250,0,75000
24236,0,0
41474,0,0
43417,0,3000000
71138,0,0
30566,0,500000
54306,0,0
33020,0,0
36886,0,0
11946,0,0
41477,0,0
19252,0,283160
551,84563118,5000000
12089,0,0
993,5750000,3500000
53031,0,0
21036,0,0
17099,0,0
39872,0,0
93289,0,0
59803,0,0
77051,0,0
41482,0,0
34326,0,150000
70061,0,0
20567,0,0
25473,0,500000
15171,5232000,0
54396,0,0
39829,0,0
123867,0,0
53868,0,0
39264,980000,760000
11612,0,0
3117,0,0
70609,0,0
54307,0,0
93164,1100,7700
52980,0,125000
51429,0,0
494,1458000,2142000
1705,8844595,1700000
42466,0,0
77771,0,0
253,126377836,7000000
838,140000000,777000
4984,0,0
17128,0,0
36764,0,0
61852,0,0
20947,0,0
52874,0,0
2362,10000000,1200000
11048,0,0
35669,544476,0
26329,0,0
110115,0,0
2487,0,0
2926,22018000,0
9474,0,0
17897,11000000,0
58061,0,0
10648,39768000,0
9277,159616327,5500000
9552,441306145,12000000
42450,18000000,225000
41486,0,0
33303,0,0
52979,2140000,125000
40810,0,0
17129,0,0
10869,38229000,0
38582,1330000,0
36096,0,0
40812,0,0
129830,0,0
62852,0,0
47406,0,0
829,30000000,6000000
33740,0,3200000
24402,20200000,500000
28067,0,0
64912,0,0
26480,0,0
13939,22000000,3000000
16246,40000000,1000000
3687,0,700000
47313,0,0
36627,0,0
41897,0,0
14683,0,3500000
30497,30900000,140000
28153,7100000,500000
23069,0,0
27932,47000000,3000000
60181,0,0
12310,0,0
10939,0,0
83980,0,7
682,97572000,7000000
240,102600000,13000000
164990,0,0
34905,0,0
75848,0,0
28071,0,0
31654,0,0
12223,8700000,500000
62071,0,0
38783,0,0
18450,0,0
19333,970000,0
39282,0,0
14821,20000000,0
20949,0,0
25606,0,0
83651,0,0
5725,0,0
31534,0,0
19174,12000000,120000
13282,8000000,300000
10711,12500000,4300000
11843,41833347,5000000
20914,0,0
578,470653000,7000000
11053,0,0
18660,36853000,0
32620,2600000,2700000
2139,0,0
106622,0,0
27085,0,1500000
36685,170000000,1400000
261538,0,0
36765,0,0
11391,0,0
17346,30966,0
72455,0,0
20850,0,0
52854,0,0
40348,0,0
104606,0,0
19300,0,0
28209,0,0
10915,0,0
28994,0,0
106623,0,0
43430,0,0
31408,0,0
7392,0,0
61925,0,0
23479,42349782,9000000
37769,0,0
86190,0,0
39965,0,0
74719,0,0
794,60922980,2800000
146030,0,0
35200,0,0
26398,0,0
10640,4200000,2500000
21882,11000000,0
36766,0,0
33301,0,0
9385,0,0
10730,90614445,23000000
2459,0,0
11392,0,0
21251,0,0
5651,0,0
32100,0,0
69569,0,0
52914,0,0
117258,0,0
7340,33800000,1800000
1366,225300000,1000000
26539,0,0
30059,0,0
12268,33833201,6000000
15943,0,0
10649,46236000,9000000
20553,0,0
50076,0,0
70086,0,0
31402,0,0
28682,0,0
55762,0,209595
5205,0,1000000
28656,0,0
10839,1509000,6000000
11906,2900000,0
224,0,0
11590,28000000,0
7227,30000000,6000000
78140,0,0
50758,0,0
11,775398007,11000000
11006,126700000,4300000
38802,0,0
11586,30749142,14000000
11319,169000000,7500000
14140,29000000,0
27591,0,0
691,185438673,13000000
19050,19104350,0
11940,16000000,3500000
112058,0,0
12262,25000000,325000
36767,0,0
28325,0,0
28746,0,237000
24032,41687243,0
149961,0,0
28324,0,0
40585,0,0
1362,0,3000000
56589,0,0
39412,0,0
11009,237113184,3500000
12237,0,0
11455,41590893,0
66160,0,0
11841,0,0
50166,0,0
14822,16393000,0
11055,0,0
16378,0,200000
10580,0,0
28155,1500000,750000
77294,0,0
10766,26518355,6800000
579,187884007,20000000
66946,7092495,0
7010,9900000,11600000
621,396271103,6000000
6081,49579269,12000000
57837,0,0
24831,16000000,660000
120386,0,0
55558,0,0
923,55000000,650000
116312,1622164,0
2182,0,90000
11230,0,0
52913,0,0
948,70260597,325000
4484,20424259,1100000
20183,0,0
17339,7230000,5000000
11183,0,0
25239,0,80000
123,30500000,4000000
52485,0,0
1924,300500000,55000000
30143,0,0
15417,85196485,5000000
22049,0,0
165432,0,0
197467,0,0
259,0,0
10516,0,0
19274,0,0
661,0,0
10841,0,0
9638,11988469,300000
9659,100000000,350000
85341,0,0
5157,0,239000
18061,0,11750000
31638,0,0
348,104931801,11000000
11176,65200000,8000000
1367,85200000,7000000
698,210308099,34000000
22328,20931111,5450000
14035,0,1207520
40246,0,0
11449,86432000,4700000
33258,15000000,2500000
15227,0,0
10770,0,0
29723,13015688,14000000
7219,0,0
52238,0,0
62715,0,0
17264,37799643,2700000
45964,25000000,1500000
33701,0,0
197481,0,0
65448,0,0
152,139346243,45000000
27598,0,0
15371,8194857,7202188
166,0,0
16395,0,3000000
18920,0,0
11160,0,0
44789,0,0
60175,0,0
4488,59754601,550000
26200,0,0
1361,0,0
1891,538400000,18000000
77759,0,0
525,115200000,27000000
12129,18000000,0
813,83453539,3500000
33518,0,1500000
5689,58853106,4500000
8445,0,0
36599,14796236,1500000
13612,41675194,0
11977,39846344,6000000
12705,66100000,17000000
16026,5010362,0
48301,0,0
8393,200000000,5000000
37835,0,0
99361,0,0
38147,0,0
85339,0,0
137533,0,0
41663,0,0
8536,190458706,54000000
11684,6950125,0
11039,0,0
17169,70687344,15000000
206789,0,0
15724,731753,0
31646,0,145786
22257,0,0
9538,14225876,4100000
84774,0,0
39874,5672031,2200000
101652,0,0
10768,20471382,5000000
11298,17985893,1000000
9725,21722776,1250000
1103,50244700,6000000
85,389925971,18000000
11286,72200000,18000000
699,187412802,28000000
21137,0,100000
10948,29800000,12000000
39229,8800000,0
17205,0,1500000
13665,95461682,7000000
20075,37000000,0
225,0,0
11827,20100000,9300000
2264,0,0
103122,0,0
215407,0,200000
764,29612367,350000
62894,0,0
27997,0,3500000
11281,25533818,2500000
15900,0,0
10246,125700000,4000000
24140,0,0
46001,0,0
35343,0,0
22435,0,0
8810,24600832,2000000
42137,0,0
38289,0,0
10275,16157801,0
2262,0,0
17918,0,3000000
34075,0,0
14373,45000000,2000000
24266,20659423,3500000
39230,15000000,0
65452,3000000,365000
9387,74000000,20000000
27813,0,35000
129689,0,0
66209,0,0
1371,270000000,17000000
154,95800000,12000000
609,122200000,10700000
11314,3200000,600000
9037,15172313,13200000
11704,14665733,7000000
15739,57063861,35000000
78,41722424,28000000
1091,19629760,15000000
97,33000000,17000000
23943,16897768,0
52113,0,0
20197,21134374,0
9728,36690067,2200000
11564,0,4300000
16441,14056528,8000000
61755,0,0
62897,0,0
29224,0,0
16235,12534817,5000000
11915,0,0
40075,0,0
34506,0,0
10676,14400000,2500000
1368,125212904,15000000
20787,29934,300000
28574,0,0
24830,16894678,0
27475,3600000,220000
16281,21028755,8000000
9699,9056073,0
25834,0,0
150,78868508,12000000
171,0,0
2665,27200000,15000000
31264,0,0
13396,0,0
25539,0,0
60038,0,0
26285,0,0
38155,0,0
36912,6347072,0
18741,0,0
17692,87987055,20500000
24883,9800000,0
25164,2082215,800000
12695,15543000,0
17922,0,0
1892,572700000,32350000
860,124600000,12000000
10576,34725000,5000000
700,187500000,27500000
9531,80200000,39000000
19698,33800000,6500000
10805,64892670,22000000
62385,0,0
14087,0,0
11153,61400000,15000000
80607,0,0
36576,4491986,11000000
26452,10676194,2500000
15120,7000000,9000000
45233,0,0
15895,8890685,0
69152,0,0
98596,1334173,0
17386,13168027,700000
21721,4786789,0
62896,0,0
36670,160000000,36000000
13567,11000000,350000
27214,6333135,6000000
850,20700000,3300000
10650,150000000,22000000
21519,18000000,0
59040,0,0
15259,38682707,1200000
37030,3554460,0
78359,0,0
43967,0,0
40978,0,0
10823,14568989,800000
2619,69800000,8000000
9336,81198894,4500000
9326,86572238,10000000
34584,20158808,27000000
9730,32981717,2200000
56763,0,0
30649,0,0
1803,0,3000000
15239,800000,500000
52736,7100000,1995000
56078,0,0
11495,17080167,15000000
9063,0,0
87,333000000,28000000
157,87000000,18000000
18477,0,1000000
77762,0,0
198951,0,0
927,153083102,11000000
620,296578797,30000000
1885,130442786,8000000
12309,38435947,6000000
11950,56300000,20000000
9610,28600000,18000000
69599,0,0
11899,25500000,8000000
14052,0,0
40771,5410972,0
14774,0,0
10606,0,21000000
23730,3412497,1250000
36768,0,0
28148,7610785,2000000
10260,0,0
37727,0,0
39371,0,0
218,78371200,6400000
38148,0,0
5677,0,400000
18498,35000000,5500000
99760,930349,0
27414,2491460,1065000
53342,0,0
377,57004513,1800000
15379,22812411,2550000
20561,0,0
90,316360478,14000000
4437,40400000,28000000
39256,4116395,700000
17464,0,0
24161,0,0
155017,0,0
39448,1276496,0
38310,0,0
31609,0,0
67390,0,0
36571,0,0
10044,0,0
1884,0,3000000
12764,10755447,2410000
8868,0,0
15901,0,5000
9838,15057465,12500000
9731,21930418,2200000
23919,20500000,9000000
11243,34000000,2000000
10157,55600000,7600000
9626,6948633,17900000
164753,628050,0
10925,14200000,4000000
50571,0,0
1369,300400432,44000000
707,152427960,30000000
9749,59612888,8000000
10328,85300000,17500000
9355,36230219,10000000
105,381109762,19000000
9657,0,0
8408,34000000,3500000
44191,0,945000
11418,49400000,17000000
5683,40900000,6000000
11797,24922237,9000000
18707,0,9023199
11824,80000000,1200000
30577,0,0
29794,0,2000000
12500,10499694,1000000
18334,0,0
4180,2052466,0
36769,0,0
19181,8646157,0
14029,0,1800000
36073,0,125000
46971,0,14200000
1694,2023414,900000
72811,0,0
15718,0,0
10014,29999213,3000000
24873,16116878,9000000
67342,0,0
1374,300500000,31000000
10372,0,5000000
29903,0,0
17663,0,0
10303,96800000,25000000
9056,18700000,500000
9463,0,0
11037,24159872,18000000
33061,5450815,1100000
9873,20603715,10000000
10068,6740470,17000000
16113,17768900,9000000
9542,5844868,6000000
11415,19444631,3000000
37032,0,10000000
8009,12900000,19000000
12118,107600000,12000000
19975,12000000,3400000
3980,13167232,2000000
34163,0,0
12721,4662137,0
2605,40697761,10000000
11133,40996665,19000000
14088,0,0
8856,115103979,13000000
12662,14481606,8400000
679,183316455,18500000
23504,0,0
51881,0,0
10225,19472525,3000000
11471,4469460,0
71444,0,0
11454,8620929,15000000
9426,60629159,15000000
67343,0,0
10974,16000000,15000000
16337,8000000,4500000
4480,0,4940939
62898,0,0
61117,78068,0
10692,609939,111000
38313,3588208,0
9671,328203506,5000000
40760,0,0
60800,14937,0
11873,52293982,13800000
40342,0,1500000
26028,0,0
22192,0,0
40772,0,0
4481,0,0
31947,4711220,10000000
4978,84542002,9000000
168,133000000,21000000
9318,0,0
26554,0,2000000
10570,0,0
9710,3751285,0
39144,0,0
44268,0,0
17994,7369373,2000000
49964,0,0
101538,0,0
49684,0,0
146047,0,0
48193,0,0
25155,2488740,0
45878,0,0
10019,42700000,6000000
10072,44793222,4450000
36572,0,0
941,120200000,15000000
765,10900000,3500000
10587,76800000,17000000
50719,154323,250000
47631,0,0
6917,13539458,2500000
16288,14000000,3500000
25678,4000000,350000
86337,159402,0
37530,10000000,3000000
96,299965036,28000000
40724,0,0
18935,23509382,3000000
11822,0,0
63536,0,0
106,98267558,15000000
26263,6880310,5000000
21299,22257624,0
20473,0,0
708,191185897,40000000
19933,2300000,2300000
16889,22642033,0
9252,0,0
580,51881013,23000000
5548,53424681,13000000
39145,0,0
83090,0,0
30421,0,1250000
11411,36681020,17000000
1547,32222567,8500000
10859,65673233,14500000
33838,6000000,5000000
21521,18700000,0
88,214577242,6000000
55776,0,0
9003,14575193,1000000
29445,0,0
28605,0,0
38315,0,0
60898,0,0
61708,0,0
77079,0,0
27764,0,0
12476,9747988,5000000
5753,0,0
28218,0,0
39929,2683519,0
15582,7900000,3000000
12154,242780960,11000000
118751,0,0
10673,43900000,15000000
18305,0,150000
13246,0,0
47360,0,0
22572,0,0
24929,9200000,6000000
27352,6193901,9000000
42012,108154,0
154738,0,0
36573,0,0
26881,0,0
11690,65000000,1500000
83091,0,0
11825,19510371,14000000
13965,10743000,6830000
18086,2983784,0
15482,0,0
10127,3813293,4500000
24348,589000,2500000
54107,0,0
10281,19170001,2800000
27548,0,50000
14240,671382,1100000
9396,239606210,14000000
30997,0,0
1370,189015611,63000000
26515,4400000,3500000
34512,0,0
10306,14144000,10500000
36724,0,0
29095,808114,3000000
11966,21600000,10000000
61108,0,0
15158,7282851,3000000
26044,14681192,0
116776,8201600,0
10651,37900000,20000000
31245,0,0
562,140767956,28000000
18509,0,0
30502,15122000,0
66105,0,0
11967,44700000,13000000
10753,11500000,750000
10131,49369899,6500000
62900,0,0
11285,25000000,17500000
23521,0,0
5680,5596267,7500000
10128,32155047,16000000
24924,3109904,1200000
11357,17768757,5000000
34311,0,465000
38500,0,0
10585,44196684,9000000
26386,28202109,6000000
11955,0,0
12144,84460846,12500000
4457,0,0
104413,0,0
31131,0,0
37136,152356177,12000000
152912,0,0
24038,2955917,0
41664,0,0
9064,12090735,3000000
17172,0,0
35945,0,0
14571,0,0
25005,0,0
160399,0,0
2648,2552034,0
40644,0,0
34312,0,465000
10344,38900000,16500000
9942,75000000,11000000
1648,40500000,10000000
71200,0,0
28165,792966,2500000
25682,902152,0
33787,0,0
15142,5552441,0
11895,33200000,15000000
14628,35150960,8000000
83088,0,0
11475,0,0
31051,0,0
10134,10166459,500000
64183,0,0
10222,14697005,1500000
12236,3077361,18000000
8913,57500000,11500000
38084,1738897,0
10345,78247647,17000000
46695,0,0
53150,62405000,49200000
26883,0,0
19142,192816,4000000
10135,30100000,15000000
32761,0,0
89,474171806,48000000
11342,9094451,7000000
172,70200000,30000000
28609,14000000,0
2978,215394738,37000000
9354,222724172,18000000
268,411348924,35000000
41289,0,0
10495,38956288,12500000
11937,9600000,7500000
41428,0,55500
8491,30218387,6500000
942,227900000,25000000
709,156167015,32000000
9379,0,0
10283,14343976,5300000
10160,22168359,8000000
41946,0,0
31292,0,0
42552,0,0
45249,0,0
18111,0,2000000
15618,0,10000000
11625,0,0
26953,0,0
9494,297000000,7500000
11361,11642254,3000000
41244,0,152000
30666,1519796,1500000
37728,0,0
78402,0,0
11497,27100027,13800000
10144,211343479,40000000
42709,0,0
165,332000000,40000000
28169,363561,500000
41848,0,750000
5825,71300000,27000000
16269,4762337,0
18289,7000000,5000000
5203,11060485,7000000
60190,0,0
43646,0,0
152625,0,0
5086,0,0
13293,0,0
21811,0,0
25018,55800000,2000000
37770,0,0
9362,48572000,11000000
22240,0,0
19593,0,0
1669,200500000,30000000
27815,0,2500000
16094,26386000,2500000
39100,18000000,0
25160,0,0
41828,0,0
1498,201965915,13500000
28213,0,0
18943,25029791,0
54768,0,0
1483,0,33000
30655,0,0
55952,0,0
23535,2459895,5200000
530,40118,17300
84951,0,80000
40729,2032973,6500000
196,244527583,40000000
39101,15000000,0
11595,153518974,38000000
928,41482207,50000000
5549,45681173,35000000
1573,240031094,70000000
9050,0,0
11077,72000000,10000000
9086,59000000,20000000
32669,10005969,19000000
11587,39024251,9300000
9556,48900000,16000000
19086,6698361,0
12716,0,0
27767,1242995,350000
82545,2268254,0
40446,0,0
26914,0,65000
39323,0,0
1375,120000000,42000000
34636,16283667,32000000
12717,0,0
25528,358047,0
55756,0,0
771,476684675,18000000
11186,35763605,13000000
11135,47400000,38000000
169,57120318,35000000
59762,0,0
11630,0,0
15902,0,0
26954,0,780000
9742,0,0
49574,0,0
28090,0,4000000
9356,120900000,12000000
18311,3255404,0
146045,0,0
951,201957688,15000000
242,136766062,54000000
36421,0,0
26230,0,0
15026,0,3000000
96105,0,0
26340,0,0
34376,3800000,13000000
12227,34793160,14000000
8010,15600000,34000000
24993,1250712,89
274,272742922,19000000
15740,0,0
10975,24100000,15000000
34598,0,0
39102,16400000,0
1497,78656813,25000000
16820,0,16400000
27769,0,0
48636,0,0
9065,1007976,0
65497,0,0
17792,0,0
63537,0,0
1406,179033791,27000000
27549,869325,6000000
37137,192030411,23000000
24331,14225876,5000000
280,520000000,102000000
28597,32704700,15000000
11175,0,0
50507,0,0
47363,0,0
9048,0,0
1649,38000000,20000000
24752,16331742,0
9595,181096164,26000000
13888,2807854,11000000
24789,0,0
11663,14919570,12000000
10617,3826459,0
40740,0,0
20562,0,0
11187,20560255,13000000
11284,34872033,10000000
212996,0,0
44909,0,0
53693,0,0
32685,0,0
26956,0,800000
43648,0,0
16096,0,0
37024,0,0
118439,0,0
70984,0,0
10020,424967620,25000000
36779,0,0
10380,40766041,0
2907,191502426,30000000
4032,59490000,17000000
45491,396003,0
174,96888996,27000000
108432,0,0
12702,0,0
36679,11000000,12000000
40800,0,3000000
11846,89325780,20000000
159704,0,0
24646,0,0
47647,3500000,0
17991,0,125000
29904,0,0
141055,0,0
70172,0,0
10241,213687,0
33604,0,0
15802,795312,0
2038,0,0
52868,0,0
33305,0,6000000
27816,0,0
41769,0,0
8872,183097323,20000000
34683,0,0
10163,32100816,10000000
40773,0,0
39103,19581369,0
40649,0,0
402,352927224,49000000
70553,0,0
16562,25105517,0
11806,147214049,0
13225,32710894,24000000
28751,0,0
25161,0,0
9264,1829804,3000000
943,321700000,35000000
8077,159773545,50000000
79106,0,0
2005,231605150,31000000
10408,0,0
9869,178100000,45000000
63538,0,0
18543,0,0
39027,0,0
364,280000000,80000000
18672,0,4439832
11134,20500000,900000
27600,0,0
9349,94999898,23000000
39104,18554927,0
11158,58662452,40000000
41671,0,0
37021,0,0
16314,29000301,6500000
9605,48017402,16000000
12525,0,0
48995,3142763,0
10906,17092453,8000000
83761,0,0
9367,2000000,7225
11569,12534961,5000000
10618,30399676,0
12088,6739141,8000000
22582,3600000,3500000
10414,50752337,10000000
19725,0,0
8845,156563139,35000000
55761,0,0
766,21502976,11000000
47628,0,2000000
9529,25792310,6000000
23654,0,0
36896,0,0
772,358994850,18000000
18575,0,0
812,504050219,28000000
26877,0,0
10437,27300000,12000000
154501,0,0
39465,20000000,0
135307,0,0
24230,2001124,0
32049,6500000,0
46828,2438031,25000000
41665,0,0
25684,0,0
10619,27540561,0
40487,0,0
36323,0,0
34300,0,0
11811,8600000,1000000
108,0,0
33560,101071,0
11687,98800000,9500000
9545,18994652,0
25748,6980986,900000
50687,0,0
6878,57333324,24000000
15759,0,0
10942,0,0
39324,0,0
17653,3956913,0
34433,21658982,0
1499,42273609,21000000
91548,0,0
30554,0,0
11528,34348444,7000000
20435,0,0
237672,0,0
1987,0,0
5550,10696210,22000000
24126,3902679,3000000
70133,0,0
69787,0,0
39283,1753979,1000000
9255,133752825,25000000
52017,0,0
329,920100000,63000000
12139,117270765,35000000
8494,12741891,7000000
39105,20100000,0
1634,153698625,20000000
9409,30008496,30000000
17811,2967668,0
5503,183875799,44000000
12664,0,0
14572,0,2000000
11236,40000000,18000000
10285,15935068,3000000
2019,74189677,18000000
18817,0,0
68163,0,0
40251,168180,0
27599,0,0
204912,0,0
33519,0,1500000
58311,5229134,0
28260,54207,2000000
34527,0,0
84152,0,0
38955,1200000,1000000
215405,0,0
11982,10300000,22000000
35610,2970,5000000
2758,48919043,47000000
16437,0,5000000
26957,0,0
37100,12307555,0
6279,57319029,38000000
8873,48198019,40000000
6593,18000000,9500000
10438,118243066,15000000
531,0,0
154727,0,0
14919,5617391,6000000
30149,0,1293069
11520,70200000,35100000
16130,0,0
16780,186000,600000
43649,0,0
31022,0,0
16097,0,0
47104,0,0
74405,0,0
34746,1702394,5000000
113219,0,0
109,0,0
12207,11555430,10000000
3049,107217396,15000000
11317,28000000,0
52021,0,0
32888,0,0
113209,0,0
30366,0,0
113215,0,0
44251,24200000,0
35977,0,0
36593,132032598,30000000
11164,45610410,0
61954,0,0
11067,30626182,25000000
30656,0,0
2701,0,10000000
24769,0,0
18009,2300000,2000000
81996,0,0
43643,0,0
11795,0,0
37404,0,0
50797,2616503,2800000
75826,0,0
18885,11798854,20000000
16139,0,2500000
21029,0,0
9495,93722164,23000000
81895,0,0
113210,0,0
32764,0,0
306,119208989,50000000
888,341631208,46000000
110,0,0
24925,0,1300000
75133,0,0
24257,2155385,0
75134,0,0
1637,350448145,30000000
11546,126247,10000000
11310,72000000,40000000
8587,763455561,45000000
8850,48100000,25000000
77448,0,0
66018,0,0
39106,19500000,0
28697,0,0
11231,15876353,12000000
50346,0,400000
30921,0,0
854,351583407,23000000
9331,215900000,62000000
12613,0,0
30654,0,0
82386,0,0
78375,0,0
64160,0,0
527,6700000,950000
2292,3151130,27575
8831,101646581,27000000
55763,0,0
26958,0,0
9369,0,0
30575,9940717,0
11596,18090181,8000000
24047,0,0
27793,0,17000000
75822,0,0
59060,0,0
75834,0,0
11395,189833357,22000000
628,223664608,60000000
193,118071125,38000000
22586,9771658,20000000
70811,0,0
22137,0,1500000
13632,0,0
8011,36700000,30000000
39466,20000000,10300000
15997,0,0
20551,0,0
15969,0,3500000
8467,247275374,16000000
11011,38087756,40000000
1652,0,0
11667,99423521,35000000
28920,0,0
29801,0,0
40252,0,0
38499,0,0
28737,0,0
9059,21089146,13000000
75555,0,0
76,5987386,2500000
37731,0,0
11862,76594107,0
9066,46600000,12000000
65460,0,0
13559,1781383,0
39107,23500000,0
19004,0,0
10824,13940383,0
75136,0,0
9737,141407024,19000000
15789,35348597,18000000
40508,413479,0
75137,0,0
10634,28200000,3500000
75138,0,0
64161,0,0
28601,0,0
36555,0,0
1572,366101666,90000000
8839,287928194,50000000
10149,8349430,7000000
10530,346100000,55000000
414,336529144,100000000
39129,0,0
11084,0,0
9070,66400000,15000000
19286,0,1200000
9348,113400000,35000000
18998,0,0
3512,104324083,60000000
39108,24000000,0
9598,254100000,30000000
9073,30000000,31000000
1642,110627965,22000000
40661,0,0
35105,0,0
9312,122195920,18000000
27010,0,0
8068,25400000,7000000
11980,16115878,8000000
9102,5781885,20000000
25749,0,0
5894,1300000,2000000
10802,20350754,45000000
26830,0,0
63105,0,0
10987,15116634,5000000
77348,0,0
8012,115101622,30250000
13552,284785,800000
862,394436586,30000000
228432,0,0
9273,212385533,30000000
57597,0,0
710,352200000,58000000
9323,10000000,3000000
21780,0,0
12561,18000000,10000000
37653,0,7500000
25391,0,0
37237,0,0
15602,71500000,25000000
21032,11348324,31000000
28460,0,0
532,4638,0
56549,0,0
38237,0,0
50291,0,0
11525,2409225,15000000
18220,0,0
755,25800000,19000000
8214,0,0
16003,0,17500000
9404,53000000,1500000
10874,34300000,31000000
627,72000000,4000000
25087,684351,0
39148,0,0
25059,32709423,0
8766,16675000,4000000
34509,0,0
71449,0,0
19042,8620678,0
86040,0,0
15674,0,0
11069,0,4000000
20762,14818176,0
34935,0,0
75140,0,0
75142,0,0
11844,712095,0
145,23000000,7500000
75143,0,0
11238,0,0
954,457696391,80000000
8840,115267375,57000000
10547,14063331,25000000
37563,0,0
9568,0,2500000
107096,0,0
10545,325300000,100000000
602,817400891,75000000
9327,128769345,54000000
9514,0,0
125521,0,0
10061,42277365,50000000
9431,5600000,15000000
19002,0,0
12606,21400000,12000000
11229,0,3000000
10546,25317287,13000000
2061,0,965000
27770,0,3000000
513,501533,0
52263,0,0
10680,22955097,0
15904,0,0
25750,0,0
39930,0,0
35203,0,0
45875,0,0
9460,12504461,0
81244,0,0
9279,129800000,60000000
11674,320689294,54000000
199,146027888,46000000
55667,0,0
54257,0,0
33660,0,0
17204,0,0
36692,0,0
58427,0,0
19164,0,0
36214,0,0
46314,0,0
41668,0,0
4232,173046663,14000000
60173,0,0
19287,0,1600000
74097,0,0
18222,0,0
20992,0,0
54113,273644,0
34600,0,0
57548,0,1584402
36702,0,0
34314,11466088,55000000
10620,0,12000000
11419,36400000,25000000
34125,0,0
9497,0,0
21832,15877,0
11425,0,7000000
2734,0,15000000
6499,9679739,10000000
39385,29456000,4000000
10003,118100000,68000000
9360,136900000,45000000
14908,4529843,0
185110,0,0
89458,2305994,0
2764,0,0
816,67711748,16500000
49478,0,0
108794,0,0
1811,194201,0
18560,0,0
29054,0,0
330,618638999,73000000
18167,0,0
1639,164508066,160000000
415,238207122,125000000
36244,0,0
607,589400000,90000000
1281,251212670,18000000
10603,174463257,55000000
18491,20563523,0
81246,0,0
20737,23144499,3000000
125510,0,0
34194,0,0
18519,0,0
55759,0,0
4961,25480490,30000000
37410,1334786,0
39346,0,0
431,8969065,257899
19165,0,0
10351,15738769,5000000
148314,0,0
9437,60527873,27000000
26005,0,0
31132,0,0
3597,125586134,17000000
92011,0,0
20378,0,0
22140,0,0
563,121214377,105000000
13313,0,0
8078,162000000,70000000
27318,0,0
9823,51376861,30000000
32643,0,0
4233,172363301,24000000
714,333011068,110000000
9714,79082515,32000000
42832,10602341,3300000
36212,0,0
58430,0,20000000
9922,17626234,80000000
41365,0,0
36228,0,0
44848,0,0
20882,0,0
24791,0,0
48943,0,0
17644,0,0
10940,0,0
9033,0,0
17629,0,0
2671,19400000,1200000
9706,12662948,2900000
11568,14100000,28000000
10353,66000000,23030000
39128,0,0
11808,102367405,60000000
1283,0,0
15805,0,0
18948,0,0
617,67200000,20000000
270045,0,0
2330,44500000,8700000
27472,18912328,0
32302,375805,0
10216,19200000,35000000
9945,20308772,20000000
9771,3572443,18000000
21452,16330622,0
452,7200,2500000
20377,0,0
26959,0,0
270047,0,0
40254,0,600000
10674,304320254,90000000
846,189198313,66000000
25751,0,1650000
3050,294500000,71000000
944,285400000,140000000
9342,250300000,95000000
10228,163600000,30000000
10941,0,0
20565,300880,0
16146,0,650000
29812,0,0
13761,0,0
28302,0,0
11675,75041738,17000000
21661,10224116,11000000
17074,0,0
36647,131183530,45000000
27771,0,0
10239,0,0
39345,0,0
4518,82150642,30000000
7504,528972,0
2109,244721064,33000000
11508,0,0
9877,72527595,14000000
80314,0,0
10704,0,5350000
58018,0,0
19493,0,0
33719,113484,10000000
11932,50671850,25000000
9732,0,0
19154,0,4529850
10921,0,0
27850,0,0
3600,40002112,65000000
31473,0,0
51985,0,0
14444,100491683,30000000
9447,69100000,90000000
17337,0,0
52022,0,0
21348,0,4495000
200,112587658,70000000
37526,0,0
36247,0,0
33201,0,0
20756,0,6000000
97251,0,0
23985,7982,1700000
10916,0,0
38872,0,0
64202,0,0
8374,50000000,6000000
34766,0,0
9669,31365000,6000000
9564,1644060,0
27653,0,0
34513,0,0
31273,0,0
8224,96618699,40000000
9535,176885658,80000000
796,76347426,10500000
7341,17762705,21000000
12594,0,2500000
12095,6374,5000000
603,463517383,63000000
36693,0,0
564,415885488,80000000
28808,22951145,0
14829,0,0
10557,28200000,3800000
1893,924317558,115000000
817,312016928,33000000
37135,448200000,130000000
77946,58621,0
33501,0,0
12485,0,0
2105,235483004,11000000
2667,248639099,60000
10208,22300000,24000000
9825,56870414,27000000
38674,0,0
12599,163700000,30000000
332,134403112,75000000
24020,0,0
10366,10667893,33500000
216983,0,0
26945,0,0
344,0,2888030
250,0,0
39927,0,0
11601,21100000,12000000
9496,0,0
2463,1866462,225000
11119,0,11000000
26042,0,2000000
29064,12600000,7200000
23289,0,0
25752,0,0
10496,10200000,5250000
16162,34573780,9000000
11377,40846082,37000000
21072,0,0
10213,9617,5000000
863,497375381,90000000
14962,0,0
36643,361832400,135000000
26960,0,0
42185,0,0
41241,0,0
58242,0,0
11315,0,4615
27847,0,5350000
10482,0,0
41586,0,0
15400,0,0
10402,65500000,17000000
10643,25000000,8300000
10137,300100000,133000000
49948,60655420,80000000
17433,0,0
41669,0,0
54111,0,0
2331,0,17000000
24647,0,0
76171,0,0
27320,0,0
40039,0,0
20883,0,0
20993,1080000,1500000
31443,0,0
10471,59800000,11000000
77787,0,0
9674,11918069,6000000
30780,0,0
4234,161834276,40000000
1698,0,0
32250,0,4000000
2787,53187659,23000000
2069,106371651,41300000
16874,0,0
15653,0,0
28031,0,0
9011,0,0
9532,112900000,23000000
20455,16600000,5500000
2332,64400000,10500000
44203,196200,0
18011,0,0
9478,0,0
21614,0,0
11478,50802120,15000000
64266,35000,0
1359,34300000,7000000
16225,0,15000000
889,59468275,83000000
10560,26400000,29000000
16,40061153,12500000
9285,119800000,16000000
843,14204632,150000
955,546388108,125000000
8584,99300000,55000000
9600,174000000,30000000
479,107626125,46000000
4247,278019771,19000000
26743,0,0
10991,68400000,16000000
10991,68400000,16000000
36657,296339527,75000000
31347,0,0
24476,0,0
12107,123307945,84000000
17208,0,0
9871,0,5000000
9383,190213455,95000000
10473,0,0
32834,1,4
8843,104155843,33000000
11398,30199105,40000000
15999,151086,0
1588,90449929,28000000
15830,0,0
10898,0,0
10035,0,0
12211,15800000,25000000
16340,103291131,30000000
12212,38574362,14000000
60670,0,2365000
146,213525736,17000000
12597,0,2000000
1597,330444045,55000000
34070,80334,0
10481,183611771,85000000
11531,47737094,15000000
37302,0,0
9456,0,10000000
5833,0,0
4327,264100000,92000000
39468,11068800,8300000
5458,0,0
302508,0,0
13899,0,0
24102,0,0
9565,0,0
11849,15185241,35000000
11688,169327687,100000000
16234,0,0
1493,212000000,45000000
3176,30600000,4500000
10577,47053625,28000000
10469,0,0
37047,0,0
37730,0,0
39907,0,0
36897,0,0
38187,0,0
30091,0,0
111913,0,0
38183,0,0
40040,0,0
38189,0,0
42354,0,0
29941,0,0
9816,131706809,13000000
294161,0,0
29742,0,0
39939,23182223,3000000
141,7500000,4500000
19405,44460850,10000000
31359,42700000,12560000
9740,351692268,87000000
42187,0,0
18269,0,0
6007,0,0
10054,147900000,35000000
15449,0,0
9337,0,0
87636,0,0
1284,0,0
44685,0,0
6935,1297401,15000000
56715,16200000,35000000
2043,105200000,60000000
10956,30987695,17700000
9290,39438674,21150000
634,281929795,25000000
54782,0,0
1734,443280904,98000000
808,488628188,60000000
22599,0,0
10865,186053725,120000000
1995,274700000,115000000
10808,176100000,70000000
9799,207283925,38000000
20755,0,0
8922,59217789,10000000
2114,85131830,137000000
4248,141220678,45000000
10992,93375151,60000000
12600,28000000,0
12600,28000000,0
8835,141774679,18000000
10706,0,10000000
331,368780809,93000000
11470,16951798,11000000
11178,32000000,0
5175,347325802,90000000
9880,165335153,37000000
33371,0,0
21040,0,0
2770,287553595,30000000
1583,0,0
60278,0,0
30379,6000000,20000000
18841,143312,40000
9398,60780981,28000000
21707,0,0
10829,0,6000000
9084,14846994,0
51438,0,0
10866,36642838,23000000
25753,0,2500000
34205,0,0
10645,0,0
22974,0,0
28635,0,1500000
100973,0,0
585,579700000,115000000
27601,0,500000
671,976475550,125000000
8007,91753202,40000000
20679,0,0
20004,0,0
25587,0,0
161,450717150,85000000
73884,0,0
36243,20000000,9400000
120,871368364,93000000
125513,0,0
45303,756370,0
38190,0,0
38185,0,0
36996,0,0
60290,0,0
32694,0,0
23964,0,0
41235,0,10000000
27712,0,30000
36222,0,0
25006,2106838,0
16068,0,0
2899,128027976,58500000
20731,0,0
12448,0,0
10575,0,11000000
39060,10000000,295000
11979,45479110,35000000
16690,109862682,20000000
25913,0,0
8346,368744044,5000000
14128,0,5000000
7294,921,0
425,383257136,59000000
94052,0,0
14787,0,0
9572,0,0
1576,103000000,33000000
21769,0,0
36586,155010032,54000000
4689,1954937,4000000
11452,39241323,6000000
10611,77063924,12000000
8460,0,3800000
437,3563603,0
9334,165333180,60000000
10726,0,10000000
2722,0,0
557,821708551,139000000
10389,1766761,10706075
23986,11047,4000000
1894,649398328,120000000
1555,3897799,5300000
23676,0,0
13984,0,350000
13931,0,0
4614,193921372,68000000
38157,0,500000
9637,275650703,84000000
2501,214034224,60000000
21518,0,0
1615,4508104,0
11544,273144151,80000000
13683,0,0
11442,37700000,13000000
608,445100000,140000000
21972,62300000,30000000
27042,0,0
10751,144192,0
33875,20900000,0
10996,170000000,120000000
50699,0,0
109572,0,0
818,296938801,63000000
47354,0,0
41955,340312,5000000
9488,119700000,38000000
9266,51842679,25000000
7451,277448382,70000000
15070,14946150,20000000
17614,0,267005
21925,13000,3000000
79591,0,0
24259,0,0
44539,0,0
44674,0,0
43071,1254978,0
9533,209196298,78000000
4108,43900000,21000000
11246,0,3000000
211798,0,0
20648,0,0
565,249348933,48000000
11838,3657876,3500000
9012,64282312,5000000
29229,0,0
170,85700000,8000000
9021,172842355,65000000
12536,0,0
12636,16000000,8500000
12496,7372769,5000000
25745,0,1000
29055,0,0
672,876688482,100000000
10855,78340,0
10167,19233280,25000000
36669,431971116,140000000
51939,0,0
10426,33500000,20000000
18015,0,0
61320,0,0
204712,0,0
9932,55003135,60000000
58433,0,0
10775,8708932,125000
16318,0,0
201,67336470,60000000
14348,0,0
25556,0,0
121,926287400,79000000
22537,0,0
14245,0,5000000
24837,0,300
20884,0,0
670,17500000,3000000
60213,0,0
35701,0,0
65310,0,0
13654,0,0
9316,20112926,1100000
2334,65497208,14500000
9358,90900000,26000000
6038,88300000,50000000
14873,135700000,20000000
41070,1156728,0
15824,1219595,0
8965,0,0
17457,3639926,0
19766,0,12000000
10923,58795814,28000000
10929,8564586,22000000
21250,0,0
23626,604856,0
19099,0,0
11429,0,3000000
9486,160466000,40000000
11059,13818181,12000000
2662,17949758,7000000
16250,0,0
33005,0,10000000
25536,0,0
36658,407711549,110000000
10708,164433867,60000000
5889,0,0
604,738599701,150000000
553,16690617,10000000
310,484600000,80000000
3097,25800,10000000
12,940335536,94000000
9902,28650575,12600000
18248,0,16700000
20106,0,0
584,236350661,76000000
10578,0,3200000
10152,39267515,19000000
20694,55443032,25000000
60843,0,0
9471,259200000,120000000
24794,0,5000000
10327,124914842,45000000
296,435000000,200000000
3177,14902587,9080000
22,655011224,140000000
20381,0,0
10470,6996083,0
8961,273339556,130000000
36218,34173059,0
1996,160100000,95000000
12279,197000000,38000000
32237,0,125000
8273,231449203,55000000
62276,1600000,700000
25516,10000000,3750000
11351,63102666,17000000
9257,207700000,80000000
9666,70700000,20000000
11547,30600000,1500000
32293,0,0
6466,116643421,30000000
26264,0,12000000
15567,0,0
207454,0,0
21708,0,0
3396,0,0
1428,98200000,29000000
10105,1310470,780000
19325,0,0
277,95708457,22000000
18113,436365,0
18051,0,0
11647,3208262,125000
4326,0,0
24,180906076,30000000
21041,0,4667404
9373,107967319,9500000
21683,0,0
10009,250397798,128000000
4256,220673217,48000000
9694,16200000,1700000
605,424988211,150000000
10028,62646763,18000000
10147,76500000,23000000
27076,0,0
122,1118888979,94000000
24554,0,0
24477,0,0
22623,0,0
75897,0,0
14310,0,250000
41957,2685000,0
39469,12000000,0
26961,0,0
19625,0,0
11007,190212113,40000000
19288,0,0
13378,0,10000000
21379,0,0
60221,0,0
9010,2043067,3648751
10891,0,5000000
12540,0,0
9372,28575078,65000
21301,65070412,18000000
1954,96800000,13000000
134053,0,0
10361,0,0
36223,0,0
45990,0,0
14114,0,0
11430,1465,0
80,15992615,2700000
14681,0,50000
50253,0,0
60672,40152148,0
18442,0,5000000
10677,27685016,25000000
12140,10079829,0
41472,0,0
24674,0,0
10594,0,0
11024,181466833,80000000
44415,0,0
11137,0,0
10797,306003,0
11358,57223888,46000000
1487,99318987,66000000
2122,26155781,40000000
76684,39000000,0
34942,0,0
393,152159461,30000000
11633,1461989,10000000
10304,0,7000000
8357,10000000,0
10625,130161094,17000000
7131,300257475,160000000
7092,0,0
40127,0,0
809,935454538,150000000
844,20205757,12000000
5460,0,0
11282,23936908,9000000
673,789804554,130000000
8920,200800000,50000000
2789,115772733,105000000
34765,0,0
2791,0,0
11179,0,0
17047,28818995,26000000
558,788976453,200000000
3040,50336279,10000000
8699,90574188,26000000
11247,70067909,19000000
12583,0,0
34065,34300000,0
37988,0,0
48635,0,0
2502,288500217,75000000
83,54700000,130000
11130,134734481,40000000
395,177427090,70000000
10257,0,0
11026,78000586,80000000
10762,69600000,19000000
16907,17400000,0
45783,0,0
11237,71000000,20000000
17478,12000000,1500000
1577,129400000,45000000
36771,0,0
39788,7443126,0
12697,0,0
11636,8700000,20000000
176,103911669,1200000
34560,0,0
14463,0,0
438,0,825000
14247,0,0
51786,0,0
1970,183474602,10000000
9803,0,0
34019,0,0
12242,0,0
9806,631442092,92000000
10045,11169386,12000000
9801,265126918,40000000
11249,24829644,12000000
11836,140161792,30000000
2059,347500000,100000000
20641,0,0
40748,0,0
25786,0,0
36046,3347647,7500000
9711,0,0
15767,12000000,19500000
14207,0,0
36648,128905366,65000000
163,362744280,110000000
50332,0,0
26962,0,0
693,516642939,80000000
33065,1732414,4000000
11328,0,0
9965,0,0
9885,30894796,1000000
38828,0,0
18224,0,0
27296,0,0
18070,63709,8000000
18839,0,0
10579,0,10000000
59529,7726507,0
17350,33026616,4289601
9288,0,0
45882,0,0
49597,0,0
1690,81979826,4800000
11804,91196419,10000000
72720,0,0
19812,0,0
24556,0,0
11637,97918663,32000000
40120,0,0
32213,0,0
12142,12693645,20000000
20760,0,0
18825,0,0
8968,67192859,20000000
14021,12334036,0
561,230900000,100000000
10214,0,84000000
17124,0,0
31046,0,0
53129,18520000,4000000
16452,0,0
4551,95200000,53000000
56372,8262833,3500000
13284,0,0
10040,101393569,0
5890,0,0
14457,2289000,0
10320,161451538,50000000
81086,0,0
33723,0,0
187,158700000,40000000
74919,458874,0
13409,1691706,0
31329,0,0
10065,107516369,19000000
11679,71410636,60000000
18500,0,5000000
10845,0,3000000
16456,0,8000000
18747,0,0
1951,674918,14200000
1895,850000000,113000000
1616,0,0
12700,251495,30000000
953,542100000,75000000
9779,39053061,25000000
9763,27600000,10000000
17455,0,4000000
272,374218673,150000000
15657,0,0
1826,23727301,13000000
11451,144100000,50000000
11683,47074133,15000000
34812,0,1000000
9738,333535934,100000000
20968,5900000,1900000
9392,57130027,3500000
30178,0,0
647,0,0
34067,0,0
10292,0,3500000
14003,0,0
1696,20901859,7000000
4550,23803308,0
9335,89100000,32000000
6519,110803676,50000000
11453,22400000,22000000
8982,27165581,6000000
15493,0,16398
11330,0,0
15840,345235,0
533,192610372,30000000
37529,0,0
52297,0,0
12699,0,5000000
7509,10422387,0
8923,3154346,0
13274,0,0
13365,238073,0
12076,0,0
11968,46117696,50000000
1285,19888231,5473145
7553,18637690,3000000
52947,0,0
42246,0,0
38332,0,0
10070,658573,3200000
29293,0,6000000
21481,0,20000000
24935,0,6000000
24939,0,0
14695,371000,9000000
14631,2025032,6500000
11283,123276807,25000000
168705,3650275,25000000
1656,142400000,75000000
35683,0,2000000
215,147748505,4000000
8274,0,7000000
100450,0,0
25,97076152,72000000
13015,0,0
674,895921036,150000000
13430,33053559,0
13127,0,0
7295,0,0
25778,0,6800000
17960,595618,0
20583,0,0
13417,0,0
411,745013115,180000000
13679,0,0
10982,110000000,8000000
9641,129181830,60000000
21461,31517561,1800000
21435,84,35
17028,0,0
2269,42918532,4200000
34588,0,0
834,111476513,50000000
31047,0,0
12096,158851357,65000000
10947,3746,4200000
11565,138300000,40000000
13205,0,0
10053,67062123,15000000
1379,1615018,1380000
24654,138913,0
14872,0,3000000
9975,69834815,50000000
9286,118900000,25000000
9834,0,0
15590,0,0
14609,6700000,0
61313,0,0
31933,0,0
13185,165000,994000
9792,69623713,15000000
109080,0,0
13285,0,0
137801,0,0
33534,3620000,4500000
950,660998756,80000000
3093,38629478,70000000
15152,0,0
50241,0,0
9642,22501596,0
15255,1361,8000000
4257,178262620,45000000
588,100605135,50000000
75634,0,0
18843,0,0
14761,167078,0
11908,155873,1500000
15077,0,0
12795,745327,500000
30347,0,0
956,398479497,150000000
591,767800000,125000000
10007,18700000,8000000
8997,0,0
36668,459359555,210000000
2295,26888376,5000000
51138,0,0
14277,0,6000
115873,300000,50000
9615,158964610,85000000
26655,0,5000000
920,461983149,120000000
20359,0,0
31341,0,0
9513,141700000,60000000
16007,29667169,20000000
58,1065700000,200000000
32740,16000000,5000000
21316,0,0
55470,0,0
3602,0,0
11406,0,0
1452,391081192,223000000
15049,12671300,8000000
9592,6816129,1200000
19670,4900000,1800000
16808,26900000,0
35639,3438336,0
47491,0,400000
50126,0,0
37609,0,0
26497,0,0
11211,0,0
14611,0,0
9682,29907685,38000000
9762,114194847,12000000
10010,0,0
15324,0,3000
60293,0,0
1948,42900000,12000000
24200,193607,2000000
11798,8176544,2380000
5393,38100000,47000000
208478,0,0
12094,72778712,11000000
38015,39212715,0
7484,197300000,85000000
10781,50517763,16000000
22488,0,0
9958,3833507,5000000
9841,0,0
14208,0,0
14620,0,6000000
9817,0,0
8975,22165608,20000000
1975,39143839,20000000
21786,0,0
10005,0,0
3683,65900000,90000000
14624,3438735,0
1593,574480841,110000000
17501,15000000,5000000
34204,0,0
10036,0,0
214,164876498,10000000
16774,0,0
16140,47919757,17000000
10089,0,0
13767,84500122,12000000
98438,0,0
9948,0,24000000
60160,4000000,0
16884,0,0
36557,599045960,150000000
9836,384335608,100000000
15495,0,0
32523,1325092,6500000
14194,46396427,11000000
73517,0,0
37453,0,0
16768,0,0
10032,6086508,0
20527,0,0
8275,0,0
35752,0,0
1271,456082343,65000000
7516,57103895,17000000
26847,0,0
61139,13000000,5000000
9973,0,9000000
9992,108605609,86000000
11910,0,9364800
1251,68673228,19000000
1246,155900000,24000000
85766,0,0
16143,0,0
20963,0,0
337550,0,0
267048,0,0
16962,0,0
20069,0,0
57779,0,0
7006,0,0
29670,0,0
17695,0,0
9966,55060212,16000000
16119,0,0
13360,213000,13000000
1248,82169884,75000000
9815,7900000,10000000
1845,19776159,0
2335,65125001,17500000
1250,228738393,110000000
15066,0,0
53086,0,0
114370,1479911,0
18874,0,3200000
62731,0,0
19580,0,5000000
18443,0,1500000
1269,0,0
13204,0,0
9017,0,0
1268,232225908,25000000
9793,37697773,15000000
17285,0,160000
30155,0,0
10172,58400000,0
1992,0,0
30975,0,0
8329,32511655,1500000
10294,35300645,19000000
1562,65100000,15000000
20478,0,0
14636,8600000,20000000
15434,155362,10000000
17038,0,0
114372,0,0
21138,0,4000000
559,894983373,258000000
13721,0,1500000
16304,0,0
1931,75511123,13000000
810,813367380,160000000
285,961000000,300000000
1991,31126421,25000000
26114,0,0
13016,0,7000000
298,311312624,85000000
1691,35728183,10200000
9408,149000000,85000000
62527,0,0
2698,174400000,175000000
13363,0,200000
154207,0,0
1979,301913131,130000000
1571,383531464,110000000
1858,709709780,150000000
675,938212738,150000000
25961,42538454,0
42979,0,0
15289,0,0
79909,0,0
2503,442824138,70000000
5174,258097122,140000000
14144,18197398,6000000
34734,0,0
13649,0,7000000
91198,0,0
46849,72310,2500000
13186,0,4000000
2082,80460948,15000000
15137,20121073,7000000
15206,3119957,3500000
13054,0,4000000
20413,0,0
13025,5540941,2000000
4517,74237563,55000000
13348,0,0
23827,193355800,215000
46513,0,0
21671,0,0
17456,167445,10000000
7737,148400000,45000000
5817,1843810,0
9990,0,0
56329,0,0
16686,0,0
16460,1726453,10000000
15212,0,3800000
24696,0,0
13564,0,0
46169,0,0
4520,342835,0
17202,55862886,15000000
7347,14759148,4000000
4513,75505973,30000000
56525,11171900,6000000
13981,0,0
14913,1798418,4500000
13734,0,0
663,139352633,10000000
14943,22036607,0
18441,0,0
82406,0,0
98439,0,0
13358,0,2000000
1620,99965753,24000000
22182,0,0
39961,0,0
7249,0,0
2312,13097915,60000000
6076,81303447,0
23150,0,0
8277,18610260,10000000
15261,0,0
6477,361366633,60000000
6637,459200000,130000000
23767,0,0
49857,0,0
13491,0,25000000
69315,0,0
14158,0,0
27046,55635037,5000000
16049,0,0
10748,29100000,14000000
20294,36500000,0
17101,0,0
440,130290885,40000000
15323,0,0
23151,0,0
40709,8321959,0
14863,0,0
16268,0,500000
26235,0,0
15898,0,0
6933,45847751,20000000
48805,10743767,0
2395,132900000,97250400
32790,0,0
62737,0,0
7555,113200000,50000000
20329,30231200,0
2195,0,0
9030,58010320,12000000
14059,50802372,4000000
18198,0,0
23153,0,0
13648,403117,0
8328,150816700,23000000
8681,226830568,25000000
31060,28548025,500000
13643,0,0
8456,41627431,20000000
27996,0,6000000
25936,0,4000000
14503,0,6000000
13001,8900000,7000000
15088,0,0
19658,0,0
114371,0,0
10488,100104565,37000000
15973,0,0
8617,14800000,20000000
1266,66500000,20000000
13335,43493123,12000000
39111,0,0
1726,585174222,140000000
78124,0,0
18616,0,2000000
15974,0,0
4564,418800000,65000000
2454,419665568,225000000
217,786636033,185000000
23154,0,0
9502,632091832,130000000
14394,8130000,820000
13058,0,0
8909,342463063,75000000
13655,0,0
12889,0,0
1735,403449830,145000000
8359,17700000,10000000
11631,609841637,52000000
16846,0,0
88751,101702060,45000000
12289,250100000,80341000
11253,160388063,85000000
14092,0,0
155,1004558444,185000000
11802,64762724,37000000
11752,0,0
11127,0,20000000
47292,43300000,0
13486,0,0
8836,69363381,30000000
59719,0,0
18223,0,1999000
12914,0,7000000
13489,0,0
14154,0,0
26769,0,0
10188,44352417,27000000
51836,0,0
23508,0,0
20044,0,0
13988,0,0
13515,72400000,35000000
23155,0,0
25423,0,0
36683,31244858,20000000
10483,76000000,45000000
13522,0,0
27621,0,0
13676,0,0
26728,3068511,0
12683,0,4600000
141063,0,5000
8881,0,30000000
20986,1880000,0
13017,0,0
19951,0,0
15157,0,5000000
25741,21897141,6100000
13690,8700000,0
17808,0,0
19066,0,0
14212,0,0
58664,0,3600000
38594,0,0
13180,0,0
14405,149281606,20000000
16763,0,5000000
13797,0,2000000
15440,0,0
13812,40855419,12000000
105231,0,0
15262,156941,0
13635,31055440,0
17041,0,0
11887,252909177,11000000
11917,113864059,10800000
15641,0,3000000
13179,0,48000000
13190,0,0
20036,0,0
14546,9600000,4200000
10764,589580482,200000000
10527,603900000,150000000
16346,0,0
74035,0,0
13253,0,0
35626,0,4000000
98440,0,0
16900,0,0
15706,0,0
15362,0,80000000
8966,393616788,37000000
13387,109000000,30000000
30245,0,0
33338,1167457,0
14447,0,0
16353,8936663,8500000
14728,0,0
26461,0,0
14756,22100000,11700000
17165,6032296,0
14400,17100000,25400000
14053,0,4500000
16911,21834845,36500000
17780,0,1500000
23166,0,0
18232,53700000,0
62732,17850711,3000000
14306,255700000,60000000
13955,0,0
40819,0,0
24756,0,0
18120,0,0
19139,7600,10000000
23823,0,3000000
18182,0,0
14028,0,0
15384,121059225,80000000
16258,0,0
14451,2166797,800000
28677,0,6300000
14560,183293131,26000000
14435,102836002,15000000
18489,0,0
12437,92158961,35000000
62738,0,0
8880,8638163,40000000
14711,0,0
25114,0,0
21752,0,0
14749,0,0
33274,0,0
15681,0,10000000
15159,75871032,70000000
60821,0,0
21467,0,0
13207,91509154,19000000
31061,27699692,0
15105,0,0
16257,0,0
14853,0,0
15135,0,2000000
15357,14103752,15000000
15060,0,0
19543,0,0
15268,12764201,50000000
18759,0,0
15472,109421911,13000000
22555,0,0
15338,0,7500000
24686,9112193,3500000
23951,0,0
18239,709827462,50000000
17134,17280326,22000000
15809,0,8000000
16652,739943,0
18781,77578320,10000000
17618,0,0
13804,363164265,85000000
21636,0,0
19273,0,6000000
25716,29893636,0
25182,0,0
15588,0,31165200
15092,34600000,20000000
16931,0,0
18122,5873871,0
23452,0,0
37169,252207,2000000
2080,373062864,150000000
17532,4100000,4000000
16985,16487322,0
13475,386839614,150000000
1977,38610009,5000000
13448,485900000,150000000
17911,722,0
534,371353001,200000000
18360,413106170,150000000
19824,20543,6000000
18785,469310836,35000000
26123,5021219,8000000
8373,836303693,200000000
24023,0,1167869
22843,44339362,10000000
36917,0,0
26693,1971714,0
8355,886686817,90000000
767,933959197,250000000
26566,0,0
21407,114000000,3400000
76940,0,0
39057,50673078,0
20441,0,0
24889,2803101,0
21474,0,0
14869,302500000,175000000
19508,11445294,0
24631,0,0
23167,0,0
20618,0,0
28739,0,5000000
38780,0,0
39123,0,0
22259,0,0
19912,186200000,40000000
24150,39421467,10000000
26736,0,0
27646,0,10000000
25475,0,0
52034,0,0
28938,0,0
22620,13000000,0
10664,18469680,5600000
22794,242988466,100000000
24253,67126795,4422952
24026,0,0
23116,0,0
37963,5030049,0
27561,0,3500000
25754,0,4500000
22855,0,0
31203,62794894,22700000
28510,844447,14000000
24025,0,0
68555,0,0
24024,0,0
36325,0,0
25833,0,0
34480,7048886,6000200
33407,0,0
25602,194243,10000000
22804,68234154,11000000
23903,0,0
105077,0,0
24713,0,0
24712,0,0
28904,0,0
263945,0,0
31723,18097,3000000
24833,0,0
9511,48720000,0
22821,10629321,8000000
37656,3704408,3500000
26505,52377611,87000000
49522,0,0
33613,43498108,4000000
35435,0,0
50025,3004329,2000000
29361,2141028,2500000
37190,408229,0
41142,0,6153120
50506,0,0
19995,2923706026,237000000
32654,0,500000
41498,53000000,0
42673,0,0
51848,0,0
37565,11200000,9000000
23398,443140005,75000000
27370,0,0
10528,524028679,90000000
26809,0,0
28118,0,0
27310,0,0
23023,112462508,48000000
27651,0,0
29920,0,0
29564,0,8000000
40663,0,0
51170,0,0
34134,16441438,0
72857,0,0
32657,226497209,95000000
38614,0,0
32926,22588876,0
36699,8910819,0
47812,10198357,0
48763,0,0
40016,0,10000
12155,1025467110,200000000
35428,12005838,1950000
10191,494879471,165000000
40080,0,0
56272,10,0
36696,6500000,25000000
33217,76196538,15000000
42194,967000,30000000
23483,96188903,28000000
41993,0,0
23048,64780213,36000000
35019,93251121,35000000
18823,493214993,125000000
35688,60673972,20000000
37851,2294357,3500000
72914,0,0
37472,36000000,12900000
38318,0,55000000
10138,623933331,200000000
23437,115664037,35000000
58051,16000000,3800000
63348,0,0
43209,2340363,0
29426,0,4000000
43263,0,0
46812,0,4400000
10192,752600867,165000000
45284,8428636,0
41592,18144030,5773100
45715,0,0
38234,282548,3000000
45662,0,0
37786,290700000,100000000
62756,9700000,2200000
55426,0,0
37708,0,0
44244,0,0
10193,1067316101,200000000
43947,572809,2000000
43933,5639730,500000
24021,698491347,68000000
38365,271430189,80000000
39312,1437000,0
55430,0,0
34851,127200000,40000000
20352,543284256,69000000
50087,0,0
42323,0,0
39691,112483764,85000000
27578,274470394,80000000
49953,71594792,0
44734,0,0
41233,159291809,30000000
44683,0,0
10140,415686217,155000000
44687,0,600
40264,80547866,20000000
43593,83188165,24000000
44037,0,2500000
42949,33885979,70200000
43956,0,0
43919,156190,2500000
38358,69400000,1800000
74471,0,0
63578,951179,0
23631,45500000,20000000
33909,134748021,70000000
35791,300200000,60000000
44425,0,9370000
49018,100106454,1500000
61716,0,0
12819,50507267,20000000
45839,1309580,4000000
48492,51723285,13000000
103751,0,0
46020,0,0
45162,0,3500000
57313,0,500
52015,33245,650000
48415,65584679,4000000
53358,0,0
42941,0,0
51273,8628997,3000000
47931,63027681,0
48844,0,0
39514,199000000,58000000
51322,0,4500000
56937,2439448,0
16290,117224271,20000000
89825,0,0
58764,0,0
47533,3400000,0
12444,954305868,250000000
46441,0,0
63943,3867000,3837625
41436,177512032,3000000
49028,0,390000
41439,136435701,20000000
48132,0,0
61005,0,0
56014,0,0
48466,0,0
55431,0,0
55435,0,0
44978,20000000,4800000
12685,0,10000000
73529,0,0
51620,0,7000000
44951,0,2500000
38757,592461732,260000000
51450,0,0
63065,0,0
61979,0,0
61410,0,5000000
48395,0,0
46523,8786756,1500000
20526,400062763,170000000
57809,25030264,5800000
54551,0,0
48748,13273759,0
67952,0,0
39451,310650585,100000000
52454,0,100000
52939,20157447,3000000
55215,0,2500000
71392,0,0
61125,0,1400000
27582,51070807,40000000
54293,0,0
57889,9816332,6500000
55612,0,0
55437,0,0
56339,0,0
56909,22043584,0
51481,0,0
56832,0,0
64931,32358664,0
54540,0,12000000
53174,43000000,5650000
47747,0,0
58444,0,0
72054,0,0
56991,0,0
57331,14400000,21200000
38322,83600000,32000000
64468,0,0
58219,0,0
60964,0,0
54445,0,8000000
60189,0,4000000
38543,5151023,25000000
59117,0,0
50619,712171856,110000000
74523,0,0
58333,252000,400000
60307,72526996,21000000
67793,2206089,0
73897,0,0
57353,65708,25000000
46195,484600000,90000000
98344,29000000,25000000
41446,97231420,40000000
94336,0,0
67308,10308238,3500000
56780,4600000,20000000
51497,626100000,125000000
10195,449326618,150000000
129237,0,0
74135,0,0
58767,0,0
57089,13500000,30000000
207475,0,0
69619,0,0
85349,0,0
1865,1045700000,379000000
59238,0,0
49538,353624124,160000000
45243,586764305,80000000
49444,665692281,150000000
72391,0,0
58443,0,7000000
69097,0,0
49013,559852396,200000000
59115,0,4000000
68637,0,0
63710,0,0
68029,0,0
38356,1123794079,195000000
66129,0,0
71744,0,0
80518,7401480,0
12445,1341511219,125000000
51540,209838559,35000000
64325,0,2000000
58625,0,0
115223,0,0
88557,0,0
1771,370569774,140000000
70590,30000000,4800000
79516,0,0
41513,563749323,110000000
61791,481800873,93000000
65851,0,0
80256,0,0
79722,0,0
55779,157900000,47000000
58151,41002607,30000000
74639,4040142,8000000
56288,85600000,27000000
69798,88823111,4478250
72972,0,0
73358,0,0
70575,0,4500000
73530,0,0
74018,0,0
75969,0,0
94329,9148519,1100000
77269,0,0
50698,0,1000000
110588,0,0
70006,0,3000000
58233,160078586,45000000
74626,0,0
81450,0,0
55723,0,0
70587,0,0
75744,0,0
75745,0,0
62837,95404397,37000000
87311,0,0
74997,170323,0
76784,0,0
83660,0,0
60935,31505287,35000000
89877,0,1000000
85435,15500000,14400000
71672,0,3000000
70584,0,350000
75623,0,0
72571,207039844,5000000
227257,0,0
86821,0,0
80410,0,4500000
55465,36192775,19000000
78080,0,0
83473,0,0
79221,26923513,0
137475,0,0
65759,150406466,130000000
84177,0,0
58574,334615000,125000000
64328,165184237,45000000
74534,136800000,10000000
80105,0,0
81976,0,0
79723,0,0
56292,694713380,145000000
71676,132563930,57000000
55301,342695435,75000000
85317,0,0
120475,0,0
167313,0,0
41109,2900000,11000000
81684,0,0
82447,0,0
71670,0,6000000
83456,17808683,0
83865,0,0
139367,0,0
100183,0,3000000
102234,0,0
74387,6483963,0
89247,0,0
158848,0,0
82881,0,0
137400,0,12000000
78049,0,5000000
85038,35000000,6000000
72545,355692760,79000000
52520,160112671,70000000
86868,40924982,25496629
78047,0,0
65086,129000000,32000000
113082,0,0
95511,0,0
167666,0,0
91342,0,0
76589,0,0
99247,0,2000000
93230,0,0
82450,8249053,6629445
84575,0,5000000
10679,10109659,7500000
64688,201585328,42000000
70160,694394724,75000000
138705,0,0
140054,0,0
57165,301970083,150000000
80384,0,0
84165,1653792,8000000
82507,82515113,3000000
105680,0,0
85373,2653454,0
80280,11019975,6400000
71552,234989584,50000000
85052,25097277,6071922
100493,0,500000
94380,0,0
67660,96070507,12000000
109907,2300000,1300000
129745,0,0
24428,1518815515,220000000
103686,24267,3600000
105210,75387554,0
115547,0,1000000
191975,0,0
71668,8493728,5000000
140441,20335408,0
116167,0,0
117629,116207,500000
140485,0,0
252385,0,0
110148,0,0
41154,624000000,225000000
111440,0,0
105528,120680,0
58595,396600000,170000000
70981,403354469,130000000
80321,746900000,145000000
115290,0,0
109689,24016152,0
117691,4100000,1400000
118412,0,0
57800,877244782,95000000
1930,757930663,215000000
77930,167200000,7000000
124471,103131994,0
72105,549368315,50000000
107916,0,0
162006,0,0
120143,0,0
150213,44057737,0
116185,0,0
119893,0,0
49026,1081041287,250000000
114478,193425,0
85446,140470746,33000000
122293,0,0
84348,100345,0
118406,17900000,0
82650,76196538,22000000
76163,314975955,100000000
135858,0,12000000
49040,276600000,130000000
113594,0,0
127329,0,0
92647,45190,0
133558,0,0
75258,0,0
125395,0,0
128841,0,3000000
127533,61700000,0
129734,6508,0
118513,0,3000000
105965,0,0
121828,16215856,0
125504,0,0
123025,0,3500000
71679,240200000,65000000
139659,0,0
76492,358375603,85000000
134597,6842058,0
133121,2325035,0
133879,0,0
121823,1317376,0
82675,376100000,45000000
114150,115647426,17000000
135309,0,0
132759,13218980,2800000
122857,1402307,11500000
152042,0,0
154441,1672940,0
150208,0,0
134756,0,0
134632,0,0
135659,0,0
149763,0,0
61012,55362705,20000000
164372,12400000,7000000
134371,3300000,10000000
141614,23785681,0
134366,0,0
193603,0,60000
152044,0,0
99770,61319383,61000000
82990,142802657,5000000
94348,30353232,45000000
125509,0,3000000
136071,0,0
149085,0,40000000
37724,1142471295,200000000
127544,0,0
132601,0,0
82690,471222889,165000000
158519,0,0
97430,20546518,15000000
141102,0,40000000
138115,0,0
137409,0,0
94352,34153101,0
50620,829747654,120000000
75629,67282623,13000000
142308,0,0
139380,0,0
138118,0,0
134375,0,11000000
49051,1021103568,250000000
139455,130781,5000000
147276,0,0
161545,8927600,5579750
139374,0,9000000
138372,0,0
176983,74223861,0
75780,218300000,60000000
152100,0,0
98567,171300000,26000000
133459,7315184,0
147405,0,13650000
168057,0,0
154922,33674759,0
159447,11666088,2000000
182873,0,0
168056,0,0
76617,47300000,20000000
156717,0,6500000
139038,60141683,2500000
142061,0,3500000
44749,0,0
170759,0,0
199374,0,0
144288,0,0
166747,0,0
150202,5127434,8000000
170657,215000000,0
47964,304654182,92000000
157293,222000,0
150897,6701,0
188357,0,0
179690,0,0
146203,15200000,5000000
182131,0,480000
192911,0,0
171581,0,0
172817,0,0
175774,5524381,0
178682,0,0
172386,0,0
141267,0,0
117263,170270201,70000000
49519,587204668,135000000
233639,0,0
180371,0,1000000
72559,371900000,130000000
126963,50461371,0
132344,11176469,3000000
188489,0,0
4258,78378744,20000000
204342,779893,0
182219,32867967,12000000
68721,1215577205,200000000
174322,0,0
192558,16000000,1300000
193502,0,0
54138,467381584,190000000
82992,788700000,160000000
136585,0,0
177271,0,0
109439,362000072,103000000
75656,351700000,75000000
158015,89328627,3000000
195269,0,4000000
216016,0,20000
159117,21833,0
200580,0,0
199687,0,6800000
49521,668045518,225000000
167575,0,0
201676,485232,0
199661,0,0
62211,743600000,200000000
72190,531865000,200000000
203217,20552094,2000000
196750,0,0
93456,970766005,76000000
164377,0,0
209049,77717014,0
389614,0,0
87436,23589,0
204582,0,0
204349,58221,0
200645,0,0
201018,0,0
68726,411000000,180000000
205321,0,1000000
109418,247022278,80000000
227679,32300000,0
59859,60700000,28000000
138843,320415166,13000000
146216,148100000,84000000
177888,0,8000000
252520,22862,0
76170,415440673,120000000
183011,0,3500000
77931,347434178,105000000
209232,5378537,0
199753,0,0
138832,270000000,37000000
211711,47289937,0
149910,0,0
76285,199850315,90000000
151960,219788712,50000000
214264,405916,0
214464,0,0
207768,678604,0
196254,0,0
196032,0,0
199534,9630444,8000000
214597,0,8000000
87421,98337295,38000000
195757,0,0
198436,0,0
192577,18010317,30000000
106747,15000000,12000000
91586,161921515,5000000
220714,19000000,4900000
221791,0,0
222832,0,0
231812,0,0
229007,0,0
109451,248384621,78000000
217923,98774891,0
212156,0,0
231811,0,0
151933,0,5200000
238869,0,0
196024,13700000,5650000
167032,3876587,5000000
227425,0,0
212470,0,0
207323,0,0
231617,0,0
236417,0,0
208134,151831537,15000000
110552,3302463,0
229974,0,0
228202,0,0
212162,12947880,0
76338,644783140,170000000
231001,0,0
231082,0,0
204435,84000000,20000000
233063,77676735,0
101299,865011746,130000000
146304,71625195,17000000
109445,1274219009,150000000
212168,0,0
206408,16968297,0
248223,2118871,0
57158,958400000,250000000
201386,7471304,3849796
204668,0,0
109443,173700000,50000000
44977,91000000,19500000
219572,94300000,35000000
249397,4934725,0
250895,18315000,0
248747,0,0
252360,0,3500000
180894,0,0
252034,0,0
294544,0,0
281506,0,0
253192,5279982,3000000
227348,90894962,5000000
168530,153997819,25000000
119892,0,82000000
137094,135500000,60000000
227783,122500000,42000000
236399,0,0
246594,0,0
208763,34592118,26000000
97020,242688965,120000000
233487,0,1000000
217993,5155325,3500000
157424,0,0
260310,0,6000000
255746,0,0
137106,470759687,60000000
246320,0,13640000
241842,37473,0
175112,63998725,0
257343,39477906,0
260063,0,3000000
53182,337580051,110000000
258251,115791,0
157350,288885818,85000000
236737,78768613,3000000
172385,500200000,103000000
100402,714766572,170000000
260202,0,0
213927,0,0
145220,80400000,50000000
249660,29789000,17000000
260234,0,0
258096,0,0
260339,0,0
180299,6566916,4500000
297298,4080294,0
314407,0,0
255268,0,5500000
264085,0,0
262227,0,0
253451,10315875,0
102382,708962323,200000000
262551,20258904,3400000
184345,25343661,4000000
255476,0,0
257451,0,0
251519,0,0
242088,0,0
241968,0,0
195589,270700000,18000000
157829,1448076,3000000
127585,747862775,250000000
257932,0,40000000
267793,0,0
269650,0,0
267872,0,0
262137,0,0
259074,0,0
273641,0,0
187017,331333876,50000000
82702,621537519,145000000
184098,70181428,24000000
287590,17150803,23000000
91314,1104054072,210000000
119450,710644566,170000000
240341,0,0
277368,0,0
274415,5031433,0
243683,86165646,45000000
218836,151165787,50000000
270842,82320000,0
238636,111928365,9000000
282346,4600000,2300000
250388,0,0
303903,0,24720400
287233,0,0
118340,772776600,170000000
248504,0,0
221731,0,0
284711,0,0
138103,214657577,95000000
242022,0,0
98566,485000000,125000000
265712,83100000,35000000
286548,0,0
279229,5188128,0
285423,0,0
287281,0,0
294690,0,780000
285803,26000000,13000000
273621,0,0
189,39400000,65000000
259072,0,1200000
284279,6015494,25000000
294682,0,0
241868,22300000,10500000
289239,0,0
290865,31278476,0
284246,0,0
228358,0,0
279254,0,0
283536,0,0
185341,4915757,3000000
198663,348319861,34000000
227735,52424533,36000000
199933,847000,5000000
221732,0,0
291155,0,0
292177,360736,0
290729,0,0
295887,0,0
193726,7171,0
250546,257589952,6500000
254201,11500000,5800000
254869,11672363,9272437
290727,0,0
145221,0,0
276401,109144,0
293572,0,0
275060,103815,0
226140,0,0
245891,88761661,20000000
267806,2756,0
242512,103600000,5000000
110390,1472431,0
300424,0,0
303457,8800000,2500000
309028,1507352,0
100042,169837010,40000000
295049,0,0
299579,0,0
303742,0,0
131631,755356711,125000000
270946,373552094,132000000
308686,0,0
170522,42830578,30000000
227159,107645357,42000000
282069,9649013,0
264264,0,40000000
289728,0,10000000
317442,19800000,0
321068,0,0
122917,956019788,250000000
297270,0,0
309049,0,0
292014,0,0
260346,325800000,48000000
317953,0,0
181533,363204635,127000000
313556,12848123,2426950
314285,2080529,0
288158,48854305,15000000
314952,0,2000000
315360,0,0
314946,13845029,0
297291,0,0
315362,0,0
309063,0,875
297556,0,3500000
336026,0,0
207703,414351546,81000000
319341,0,0
228165,311594032,74000000
322456,0,0
328716,27387870,0
216015,571000000,40000000
317121,0,0
243938,64800000,36000000
300803,0,0
268238,86000000,10000000
324963,0,0
327982,9194350,2265160
277967,0,0
309887,0,5300000
326359,0,0
321494,0,0
262500,297002527,110000000
332788,8674655,0
349176,25000000,0
293771,0,0
315367,0,0
168259,1515400000,190000000
335462,80000000,12000000
329540,0,1950000
333658,0,0
321528,0,0
256961,107597242,38000000
303857,61768190,5000000
99861,1405403694,365000000
359413,0,0
282070,12828829,0
336560,0,0
338312,0,0
328848,0,0
254470,287144079,29000000
327418,0,0
76341,378858340,150000000
330161,0,0
336211,4180081,0
94365,16184,0
280092,120453155,10000000
338485,0,0
135397,1671537444,150000000
343977,0,0
211672,1159457503,74000000
331576,0,0
348191,0,0
334376,101203,0
338100,0,0
335753,0,350000
87101,440603537,155000000
254736,0,0
347096,0,0
214756,215863606,68000000
272878,44000000,20000000
325189,0,0
264999,117800000,14800000
347413,0,625000
345468,0,0
256040,90747520,25130430
102899,519311965,130000000
335970,0,0
350499,0,150000000
344147,0,6000000
331446,0,0
177677,682716636,150000000
296099,104400000,31000000
295273,0,0
277217,0,0
348631,0,0
347201,39500000,0
294562,0,0
295830,30810658,0
342917,0,0
283445,53329150,10000000
249070,81967450,35000000
356149,0,0
353595,0,0
356216,0,2500000
340382,15187789,0
287948,72629670,25000000
294254,312296056,61000000
329263,83027924,0
351901,0,0
355730,0,0
159824,473200000,80000000
310602,7585569,0
349158,222840,0
366249,0,1730000
361261,0,0
363354,0,0
339530,0,0
363844,0,0
357096,144420,0
336884,0,0
363607,2610090,0
361263,0,0
360404,0,0
146301,78903124,10000000
206647,880674609,245000000
366143,0,0
353610,0,0
376599,0,0
361751,0,0
131634,653428261,160000000
348537,38482411,4500000
359983,0,0
312221,173600000,37000000
331836,24563629,9458736
371153,0,0
366630,0,0
334304,0,0
140607,2068223624,245000000
258509,233755553,90000000
365222,157000000,36000000
370687,0,0
274167,242786137,50000000
382517,0,0
370545,9409000,0
357786,0,0
323675,124827316,40000000
374739,0,0
378385,0,0
382155,0,0
140300,521170825,145000000
339526,0,0
369776,0,0
329833,56722693,50000000
293660,782837347,58000000
382581,0,0
376716,4314688,0
263341,0,20000000
379992,0,0
384641,0,0
267860,205754447,60000000
348668,9700000,5210000
262504,179246868,110000000
347689,0,0
381615,0,0
366924,0,3500000
248705,18552314,25868826
302688,90632641,18000000
209112,874362803,250000000
379291,0,0
347126,24487848,5000000
410537,0,500000
290595,164989338,115000000
382399,2093725,0
326423,55030051,20000000
271110,1155046416,250000000
325133,108800000,35000000
259693,322811702,40000000
388191,0,0
383121,0,0
246655,543934787,178000000
241259,299457024,170000000
400045,0,0
308531,245600000,135000000
291805,334900000,120000000
391779,0,0
391757,0,0
127380,1028600000,200000000
402223,0,0
328111,875457937,75000000
392629,0,0
400605,0,0
396330,0,0
47933,389681935,165000000
278154,408579038,105000000
402543,0,0
316727,118587880,10000000
188927,343471816,185000000
403052,0,0
390734,269980,0
402331,0,0
308529,0,17000000
43074,229147509,144000000
374205,66207073,0
407171,0,0
324668,415484914,120000000
366499,0,0
390989,0,0
348893,413334,0
407375,0,3000000
407655,0,0
248781,0,0
391975,0,0
401650,0,0
362584,0,0
278924,125729635,40000000
395925,0,0
413736,0,0
411802,0,0
406052,0,0
404461,0,0
95610,211952420,35000000
351211,45172994,5000000
414762,0,0
374251,1378503,0
262848,0,0
413441,0,0
414767,0,0
417503,0,0
207932,220000000,75000000
410988,0,0
375798,0,0
343611,162100000,60000000
335796,81700000,9000000
422842,0,0
417004,0,0
425961,0,0
259316,809342332,180000000
338964,24100000,26000000
346672,81093313,35000000
412519,0,0
330459,1056057273,200000000
401689,0,0
227932,39195565,2000000
430413,0,0
173897,312200000,40000000
362058,0,0
362585,0,0
426580,0,5000000
47971,346118277,85000000
207680,0,63615
401544,0,0
180863,42100000,18000000
14564,83080890,25000000
324849,311950384,80000000
324552,171539887,40000000
341174,378800000,55000000
263115,619021436,97000000
413391,381000,0
445993,0,0
336890,0,0
408647,0,0
137116,197183546,60000000
447113,0,0
337339,1236000000,250000000
283995,863756051,200000000
350312,275947313,31000000
126889,240891763,97000000
417489,0,0
417830,40120144,22000000
166426,795900000,230000000
400136,0,0
297762,823970682,149000000
451644,0,0
324852,1034800131,80000000
260514,383925276,175000000
335988,605425157,217000000
203835,8481997,12000000
281338,490719763,150000000
417320,0,0
461053,0,0
460135,0,0
426264,0,0
300665,1476843,0
